<?xml version="1.0"?>
<doc>
    <assembly>
        <name>Hybrid</name>
    </assembly>
    <members>
        <member name="M:NumericalCalculator.Hybrid.ComputeHybrid">
            <summary>
            Compute function root
            </summary>
            <returns></returns>
        </member>
        <member name="M:NumericalCalculator.Hybrid.#ctor(System.String,System.Double,System.Double)">
            <summary>
            
            </summary>
            <param name="function">Formula</param>
            <param name="intervalFrom">Point at which you want to start looking for function root</param>
            <param name="intervalTo">Point at which you want to stop looking for function root</param>
        </member>
    </members>
</doc>
