<?xml version="1.0"?>
<doc>
    <assembly>
        <name>Differential</name>
    </assembly>
    <members>
        <member name="M:NumericalCalculator.Differential.ComputeDifferential(System.Double,System.Double,System.Double,System.Boolean,System.Double)">
            <summary>
            Compute differential
            </summary>
            <param name="valueLookingPoint">Point at which return the value</param>
            <param name="startingPoint">Starting point</param>
            <param name="startingPointFunctionValue">Function value at starting point</param>
            <param name="applyResultFormatting">Makes output better look. For example outputs 4.0 instead 4,000000000000001 or 3,999999999999999</param>
            <param name="step"></param>
            <returns></returns>
        </member>
        <member name="M:NumericalCalculator.Differential.ComputeDifferentialPointsList(System.Double,System.Double,System.Double,System.Boolean,System.Double)">
            <summary>
            Compute all function values from starting point to valueLookingPoint
            </summary>
            <param name="valueLookingPoint">Ending point</param>
            <param name="startingPoint">Starting point</param>
            <param name="startingPointFunctionValue">Function value at starting point</param>
            <param name="applyResultFormatting">Makes output better look. For example outputs 4.0 instead 4,000000000000001 or 3,999999999999999</param>
            <param name="step"></param>
            <returns></returns>
        </member>
        <member name="M:NumericalCalculator.Differential.ComputeDifferentialII(System.Double,System.Double,System.Double,System.Double,System.Boolean,System.Double)">
            <summary>
            Compute second order differential
            </summary>
            <param name="valueLookingPoint">Ending point</param>
            <param name="startingPoint">Starting point</param>
            <param name="startingPointFunctionValue">Function value at starting point</param>
            <param name="startingPointFunctionValueII">Derivative value at starting point</param>
            <param name="applyResultFormatting">Makes output better look. For example outputs 4.0 instead 4,000000000000001 or 3,999999999999999</param>
            <param name="step"></param>
            <returns></returns>
        </member>
        <member name="M:NumericalCalculator.Differential.ComputeDifferentialIIPointsList(System.Double,System.Double,System.Double,System.Double,System.Boolean,System.Double)">
            <summary>
            Compute all function values from starting point to valueLookingPoint
            </summary>
            <param name="valueLookingPoint">Ending point</param>
            <param name="startingPoint">Starting point</param>
            <param name="startingPointFunctionValue">Function value at starting point</param>
            <param name="startingPointFunctionValueII">Derivative value at starting point</param>
            <param name="applyResultFormatting">Makes output better look. For example outputs 4.0 instead 4,000000000000001 or 3,999999999999999</param>
            <param name="step"></param>
            <returns></returns>
        </member>
    </members>
</doc>
