<?xml version="1.0"?>
<doc>
    <assembly>
        <name>Chart</name>
    </assembly>
    <members>
        <member name="M:NumericalCalculator.Chart.Clear">
            <summary>
            Clears old chart and generates new clear chart with coordinate system
            </summary>
        </member>
        <member name="M:NumericalCalculator.Chart.Draw(NumericalCalculator.FunctionTypeEnum)">
            <summary>
            Draw the chart
            </summary>
            <param name="functionType">Function type to draw on chart</param>
        </member>
        <member name="M:NumericalCalculator.Chart.DrawFT(NumericalCalculator.FunctionTypeEnum,System.Int32,System.Double)">
            <summary>
            Draw the fourier transform chart
            </summary>
            <param name="functionType">Function type to draw. Only FT or IFT are correct in this function.</param>
            <param name="sampling">Sampling rate</param>
            <param name="cutoff">Used with IFT to remove noise from function</param>
        </member>
        <member name="M:NumericalCalculator.Chart.DrawDifferential(NumericalCalculator.FunctionTypeEnum,System.Double[])">
            <summary>
            Draw the differential chart
            </summary>
            <param name="functionType">Function type. Only Differential or DifferentialII are correct in this function.</param>
            <param name="parameters">
            0. Starting point
            1. Starting point function value
            2. Second derivative starting point function value
            </param>
        </member>
        <member name="M:NumericalCalculator.Chart.DrawBessel(NumericalCalculator.BesselFunctionTypeEnum,System.Double[])">
            <summary>
            Drawing the Bessel, Neumann or Hypergeometric functions chart
            </summary>
            <param name="functionType">Function type to draw</param>
            <param name="parameters">Chosen function parameters</param>
        </member>
        <member name="M:NumericalCalculator.Chart.Reskalling(NumericalCalculator.FunctionTypeEnum[])">
            <summary>
            Function that returns reskalled chart parameters
            0. Abscissa from
            1. Abscissa to
            2. Ordinate from
            3. Ordinate to
            </summary>
            <param name="functionType">Function type</param>
            <returns>
            0. Abscissa from
            1. Abscissa to
            2. Ordinate from
            3. Ordinate to
            </returns>
        </member>
        <member name="M:NumericalCalculator.Chart.Reskalling(NumericalCalculator.BesselFunctionTypeEnum,System.Double[])">
            <summary>
            Function that returns reskalled chart parameters for Bessel, Neumann or Hypergeometric functions
            0. Abscissa from
            1. Abscissa to
            2. Ordinate from
            3. Ordinate to
            </summary>
            <param name="functionType">Function type</param>
            <param name="parameters">Chosen function parameters</param>
            <returns>
            0. Abscissa from
            1. Abscissa to
            2. Ordinate from
            3. Ordinate to
            </returns>
        </member>
        <member name="M:NumericalCalculator.Chart.#ctor(System.String,System.Windows.Forms.PictureBox,System.Double,System.Double,System.Double,System.Double)">
            <summary>
            
            </summary>
            <param name="function">Function formula to draw</param>
            <param name="picGraph">PictureBox to display the chart</param>
            <param name="xFrom">Chart abscissa from</param>
            <param name="xTo">Chart abscissa to</param>
            <param name="yFrom">Chart ordinate from</param>
            <param name="yTo">Chart ordinate to</param>
        </member>
        <member name="P:NumericalCalculator.Chart.GraphPoints">
            <summary>
            Points generated by Draw functions used to draw the chart 
            </summary>
        </member>
    </members>
</doc>
