<?xml version="1.0"?>
<doc>
    <assembly>
        <name>FourierTransform</name>
    </assembly>
    <members>
        <member name="M:NumericalCalculator.FourierTransform.Compute(System.String,System.Int32,System.Double,System.Double)">
            <summary>
            Compute Fourier Transform
            </summary>
            <param name="function">Function for generating samples</param>
            <param name="sampling">Sampling rate</param>
            <param name="start">Starting point</param>
            <param name="end">Last point</param>
            <returns></returns>
        </member>
        <member name="M:NumericalCalculator.FourierTransform.ComputeInverse(System.Collections.Generic.List{NumericalCalculator.PointC},System.Int32,System.Double,System.Double)">
            <summary>
            Compute Inverse Fourier Transform
            </summary>
            <param name="points">Fourier Transform points</param>
            <param name="sampling">Sampling rate of given points</param>
            <param name="start">Fourier Transform starting point used to generate samples</param>
            <param name="end">Fourier Transform end point used to generate samples</param>
            <returns></returns>
        </member>
    </members>
</doc>
