<?xml version="1.0"?>
<doc>
    <assembly>
        <name>LinearEquation</name>
    </assembly>
    <members>
        <member name="M:NumericalCalculator.LinearEquation.Compute">
            <summary>
            Compute variables
            </summary>
            <returns></returns>
        </member>
        <member name="M:NumericalCalculator.LinearEquation.#ctor(System.Windows.Forms.DataGridView)">
            <summary>
            
            </summary>
            <param name="dgvGauss">Data grid view with coefficients standing by the variables</param>
        </member>
        <member name="M:NumericalCalculator.LinearEquation.#ctor(System.Double[0:,0:])">
            <summary>
            
            </summary>
            <param name="coefficients">Coefficients standing by the variables. Double[rows, rows + 1]</param>
        </member>
    </members>
</doc>
